participant,condition,char,RT
AMS_04142025,D_fast,C,169
AMS_04142025,ND_fast,C,422
APM_04072025,D_fast,C,453
APM_04072025,ND_fast,C,591
ARI_04162025,D_fast,C,372
ARI_04162025,ND_fast,C,476
CJG_03242025,D_fast,C,265
CJG_03242025,ND_fast,C,606
CKM_04162025,D_fast,C,407
CKM_04162025,ND_fast,C,483
CLE_03272025,D_fast,C,422
CLE_03272025,ND_fast,C,541
EBZ_04182025,D_fast,C,292
EBZ_04182025,ND_fast,C,322
ESU_04182025,D_fast,C,226
ESU_04182025,ND_fast,C,552
JBO_04172025,D_fast,C,326
JBO_04172025,ND_fast,C,453
JCN_04192025,D_fast,C,261
JCN_04192025,ND_fast,C,407
JMY_03312025,D_fast,C,180
JMY_03312025,ND_fast,C,349
JPK_04182025,D_fast,C,242
JPK_04182025,ND_fast,C,476
JWG_03272025,D_fast,C,303
JWG_03272025,ND_fast,C,422
JXI_04182025,D_fast,C,284
JXI_04182025,ND_fast,C,284
KCA_04072025,D_fast,C,199
KCA_04072025,ND_fast,C,345
KHT_04072025,D_fast,C,261
KHT_04072025,ND_fast,C,629
KSN_04042025,D_fast,C,280
KSN_04042025,ND_fast,C,456
MAO_04192025,D_fast,C,376
MAO_04192025,ND_fast,C,418
MHE_04032025,D_fast,C,299
MHE_04032025,ND_fast,C,790
MSN_04092025,D_fast,C,453
MSN_04092025,ND_fast,C,813
NMS_04112025,D_fast,C,361
NMS_04112025,ND_fast,C,453
OMY_04202025,D_fast,C,372
OMY_04202025,ND_fast,C,533
TCO_03272025,D_fast,C,384
TCO_03272025,ND_fast,C,633
YWG_03262025,D_fast,C,211
YWG_03262025,ND_fast,C,614
AMS_04142025,D_fast,E,522
AMS_04142025,ND_fast,E,1200
APM_04072025,D_fast,E,729
APM_04072025,ND_fast,E,997
ARI_04162025,D_fast,E,644
ARI_04162025,ND_fast,E,1109
CJG_03242025,D_fast,E,560
CJG_03242025,ND_fast,E,1089
CKM_04162025,D_fast,E,648
CKM_04162025,ND_fast,E,974
CLE_03272025,D_fast,E,694
CLE_03272025,ND_fast,E,1063
EBZ_04182025,D_fast,E,867
EBZ_04182025,ND_fast,E,1281
ESU_04182025,D_fast,E,641
ESU_04182025,ND_fast,E,1109
JBO_04172025,D_fast,E,690
JBO_04172025,ND_fast,E,1132
JCN_04192025,D_fast,E,614
JCN_04192025,ND_fast,E,1228
JMY_03312025,D_fast,E,529
JMY_03312025,ND_fast,E,798
JPK_04182025,D_fast,E,675
JPK_04182025,ND_fast,E,1059
JWG_03272025,D_fast,E,595
JWG_03272025,ND_fast,E,986
JXI_04182025,D_fast,E,479
JXI_04182025,ND_fast,E,825
KCA_04072025,D_fast,E,644
KCA_04072025,ND_fast,E,1147
KHT_04072025,D_fast,E,648
KHT_04072025,ND_fast,E,1339
KSN_04042025,D_fast,E,579
KSN_04042025,ND_fast,E,1097
MAO_04192025,D_fast,E,771
MAO_04192025,ND_fast,E,997
MHE_04032025,D_fast,E,802
MHE_04032025,ND_fast,E,1235
MSN_04092025,D_fast,E,625
MSN_04092025,ND_fast,E,1128
NMS_04112025,D_fast,E,614
NMS_04112025,ND_fast,E,867
OMY_04202025,D_fast,E,744
OMY_04202025,ND_fast,E,1895
TCO_03272025,D_fast,E,783
TCO_03272025,ND_fast,E,1132
YWG_03262025,D_fast,E,683
YWG_03262025,ND_fast,E,1228
AMS_04142025,D_fast,F,422
AMS_04142025,ND_fast,F,813
APM_04072025,D_fast,F,537
APM_04072025,ND_fast,F,882
ARI_04162025,D_fast,F,545
ARI_04162025,ND_fast,F,928
CJG_03242025,D_fast,F,476
CJG_03242025,ND_fast,F,978
CKM_04162025,D_fast,F,518
CKM_04162025,ND_fast,F,583
CLE_03272025,D_fast,F,476
CLE_03272025,ND_fast,F,802
EBZ_04182025,D_fast,F,610
EBZ_04182025,ND_fast,F,913
ESU_04182025,D_fast,F,541
ESU_04182025,ND_fast,F,909
JBO_04172025,D_fast,F,483
JBO_04172025,ND_fast,F,848
JCN_04192025,D_fast,F,491
JCN_04192025,ND_fast,F,675
JMY_03312025,D_fast,F,364
JMY_03312025,ND_fast,F,618
JPK_04182025,D_fast,F,499
JPK_04182025,ND_fast,F,713
JWG_03272025,D_fast,F,556
JWG_03272025,ND_fast,F,775
JXI_04182025,D_fast,F,453
JXI_04182025,ND_fast,F,760
KCA_04072025,D_fast,F,506
KCA_04072025,ND_fast,F,798
KHT_04072025,D_fast,F,503
KHT_04072025,ND_fast,F,1024
KSN_04042025,D_fast,F,510
KSN_04042025,ND_fast,F,1036
MAO_04192025,D_fast,F,644
MAO_04192025,ND_fast,F,882
MHE_04032025,D_fast,F,614
MHE_04032025,ND_fast,F,905
MSN_04092025,D_fast,F,595
MSN_04092025,ND_fast,F,840
NMS_04112025,D_fast,F,560
NMS_04112025,ND_fast,F,798
OMY_04202025,D_fast,F,545
OMY_04202025,ND_fast,F,974
TCO_03272025,D_fast,F,583
TCO_03272025,ND_fast,F,737
YWG_03262025,D_fast,F,460
YWG_03262025,ND_fast,F,967
AMS_04142025,D_fast,H,395
AMS_04142025,ND_fast,H,840
APM_04072025,D_fast,H,499
APM_04072025,ND_fast,H,871
ARI_04162025,D_fast,H,526
ARI_04162025,ND_fast,H,817
CJG_03242025,D_fast,H,506
CJG_03242025,ND_fast,H,1024
CKM_04162025,D_fast,H,487
CKM_04162025,ND_fast,H,752
CLE_03272025,D_fast,H,468
CLE_03272025,ND_fast,H,829
EBZ_04182025,D_fast,H,579
EBZ_04182025,ND_fast,H,748
ESU_04182025,D_fast,H,506
ESU_04182025,ND_fast,H,767
JBO_04172025,D_fast,H,506
JBO_04172025,ND_fast,H,806
JCN_04192025,D_fast,H,445
JCN_04192025,ND_fast,H,871
JMY_03312025,D_fast,H,422
JMY_03312025,ND_fast,H,917
JPK_04182025,D_fast,H,437
JPK_04182025,ND_fast,H,832
JWG_03272025,D_fast,H,499
JWG_03272025,ND_fast,H,798
JXI_04182025,D_fast,H,391
JXI_04182025,ND_fast,H,690
KCA_04072025,D_fast,H,449
KCA_04072025,ND_fast,H,905
KHT_04072025,D_fast,H,472
KHT_04072025,ND_fast,H,1009
KSN_04042025,D_fast,H,533
KSN_04042025,ND_fast,H,1059
MAO_04192025,D_fast,H,713
MAO_04192025,ND_fast,H,763
MHE_04032025,D_fast,H,625
MHE_04032025,ND_fast,H,886
MSN_04092025,D_fast,H,560
MSN_04092025,ND_fast,H,905
NMS_04112025,D_fast,H,610
NMS_04112025,ND_fast,H,760
OMY_04202025,D_fast,H,464
OMY_04202025,ND_fast,H,1005
TCO_03272025,D_fast,H,568
TCO_03272025,ND_fast,H,863
YWG_03262025,D_fast,H,460
YWG_03262025,ND_fast,H,994
AMS_04142025,D_fast,I,468
AMS_04142025,ND_fast,I,1247
APM_04072025,D_fast,I,625
APM_04072025,ND_fast,I,763
ARI_04162025,D_fast,I,595
ARI_04162025,ND_fast,I,817
CJG_03242025,D_fast,I,503
CJG_03242025,ND_fast,I,928
CKM_04162025,D_fast,I,602
CKM_04162025,ND_fast,I,713
CLE_03272025,D_fast,I,575
CLE_03272025,ND_fast,I,802
EBZ_04182025,D_fast,I,733
EBZ_04182025,ND_fast,I,683
ESU_04182025,D_fast,I,495
ESU_04182025,ND_fast,I,852
JBO_04172025,D_fast,I,526
JBO_04172025,ND_fast,I,890
JCN_04192025,D_fast,I,426
JCN_04192025,ND_fast,I,713
JMY_03312025,D_fast,I,460
JMY_03312025,ND_fast,I,794
JPK_04182025,D_fast,I,479
JPK_04182025,ND_fast,I,690
JWG_03272025,D_fast,I,503
JWG_03272025,ND_fast,I,760
JXI_04182025,D_fast,I,468
JXI_04182025,ND_fast,I,679
KCA_04072025,D_fast,I,460
KCA_04072025,ND_fast,I,752
KHT_04072025,D_fast,I,598
KHT_04072025,ND_fast,I,713
KSN_04042025,D_fast,I,545
KSN_04042025,ND_fast,I,840
MAO_04192025,D_fast,I,545
MAO_04192025,ND_fast,I,974
MHE_04032025,D_fast,I,533
MHE_04032025,ND_fast,I,813
MSN_04092025,D_fast,I,583
MSN_04092025,ND_fast,I,1155
NMS_04112025,D_fast,I,560
NMS_04112025,ND_fast,I,775
OMY_04202025,D_fast,I,560
OMY_04202025,ND_fast,I,932
TCO_03272025,D_fast,I,506
TCO_03272025,ND_fast,I,867
YWG_03262025,D_fast,I,441
YWG_03262025,ND_fast,I,832
AMS_04142025,D_fast,J,322
AMS_04142025,ND_fast,J,1003
APM_04072025,D_fast,J,353
APM_04072025,ND_fast,J,545
ARI_04162025,D_fast,J,403
ARI_04162025,ND_fast,J,598
CJG_03242025,D_fast,J,1074
CJG_03242025,ND_fast,J,694
CKM_04162025,D_fast,J,437
CKM_04162025,ND_fast,J,633
CLE_03272025,D_fast,J,315
CLE_03272025,ND_fast,J,771
EBZ_04182025,D_fast,J,529
EBZ_04182025,ND_fast,J,610
ESU_04182025,D_fast,J,418
ESU_04182025,ND_fast,J,744
JBO_04172025,D_fast,J,483
JBO_04172025,ND_fast,J,564
JCN_04192025,D_fast,J,338
JCN_04192025,ND_fast,J,618
JMY_03312025,D_fast,J,315
JMY_03312025,ND_fast,J,644
JPK_04182025,D_fast,J,441
JPK_04182025,ND_fast,J,510
JWG_03272025,D_fast,J,422
JWG_03272025,ND_fast,J,526
JXI_04182025,D_fast,J,361
JXI_04182025,ND_fast,J,430
KCA_04072025,D_fast,J,395
KCA_04072025,ND_fast,J,690
KHT_04072025,D_fast,J,472
KHT_04072025,ND_fast,J,706
KSN_04042025,D_fast,J,403
KSN_04042025,ND_fast,J,679
MAO_04192025,D_fast,J,729
MAO_04192025,ND_fast,J,610
MHE_04032025,D_fast,J,418
MHE_04032025,ND_fast,J,737
MSN_04092025,D_fast,J,453
MSN_04092025,ND_fast,J,744
NMS_04112025,D_fast,J,476
NMS_04112025,ND_fast,J,575
OMY_04202025,D_fast,J,403
OMY_04202025,ND_fast,J,763
TCO_03272025,D_fast,J,361
TCO_03272025,ND_fast,J,552
YWG_03262025,D_fast,J,384
YWG_03262025,ND_fast,J,852
AMS_04142025,D_fast,K,410
AMS_04142025,ND_fast,K,775
APM_04072025,D_fast,K,575
APM_04072025,ND_fast,K,806
ARI_04162025,D_fast,K,575
ARI_04162025,ND_fast,K,721
CJG_03242025,D_fast,K,568
CJG_03242025,ND_fast,K,675
CKM_04162025,D_fast,K,430
CKM_04162025,ND_fast,K,721
CLE_03272025,D_fast,K,437
CLE_03272025,ND_fast,K,702
EBZ_04182025,D_fast,K,552
EBZ_04182025,ND_fast,K,802
ESU_04182025,D_fast,K,479
ESU_04182025,ND_fast,K,917
JBO_04172025,D_fast,K,422
JBO_04172025,ND_fast,K,752
JCN_04192025,D_fast,K,468
JCN_04192025,ND_fast,K,775
JMY_03312025,D_fast,K,391
JMY_03312025,ND_fast,K,756
JPK_04182025,D_fast,K,437
JPK_04182025,ND_fast,K,817
JWG_03272025,D_fast,K,506
JWG_03272025,ND_fast,K,675
JXI_04182025,D_fast,K,341
JXI_04182025,ND_fast,K,625
KCA_04072025,D_fast,K,453
KCA_04072025,ND_fast,K,733
KHT_04072025,D_fast,K,510
KHT_04072025,ND_fast,K,963
KSN_04042025,D_fast,K,537
KSN_04042025,ND_fast,K,990
MAO_04192025,D_fast,K,479
MAO_04192025,ND_fast,K,752
MHE_04032025,D_fast,K,479
MHE_04032025,ND_fast,K,882
MSN_04092025,D_fast,K,514
MSN_04092025,ND_fast,K,1051
NMS_04112025,D_fast,K,499
NMS_04112025,ND_fast,K,859
OMY_04202025,D_fast,K,552
OMY_04202025,ND_fast,K,1001
TCO_03272025,D_fast,K,556
TCO_03272025,ND_fast,K,875
YWG_03262025,D_fast,K,430
YWG_03262025,ND_fast,K,763
AMS_04142025,D_fast,N,353
AMS_04142025,ND_fast,N,476
APM_04072025,D_fast,N,418
APM_04072025,ND_fast,N,675
ARI_04162025,D_fast,N,476
ARI_04162025,ND_fast,N,583
CJG_03242025,D_fast,N,403
CJG_03242025,ND_fast,N,882
CKM_04162025,D_fast,N,644
CKM_04162025,ND_fast,N,794
CLE_03272025,D_fast,N,441
CLE_03272025,ND_fast,N,537
EBZ_04182025,D_fast,N,433
EBZ_04182025,ND_fast,N,522
ESU_04182025,D_fast,N,418
ESU_04182025,ND_fast,N,836
JBO_04172025,D_fast,N,426
JBO_04172025,ND_fast,N,560
JCN_04192025,D_fast,N,422
JCN_04192025,ND_fast,N,587
JMY_03312025,D_fast,N,303
JMY_03312025,ND_fast,N,625
JPK_04182025,D_fast,N,318
JPK_04182025,ND_fast,N,403
JWG_03272025,D_fast,N,591
JWG_03272025,ND_fast,N,602
JXI_04182025,D_fast,N,349
JXI_04182025,ND_fast,N,495
KCA_04072025,D_fast,N,345
KCA_04072025,ND_fast,N,648
KHT_04072025,D_fast,N,479
KHT_04072025,ND_fast,N,729
KSN_04042025,D_fast,N,514
KSN_04042025,ND_fast,N,1043
MAO_04192025,D_fast,N,449
MAO_04192025,ND_fast,N,625
MHE_04032025,D_fast,N,744
MHE_04032025,ND_fast,N,928
MSN_04092025,D_fast,N,572
MSN_04092025,ND_fast,N,863
NMS_04112025,D_fast,N,514
NMS_04112025,ND_fast,N,602
OMY_04202025,D_fast,N,491
OMY_04202025,ND_fast,N,767
TCO_03272025,D_fast,N,472
TCO_03272025,ND_fast,N,790
YWG_03262025,D_fast,N,410
YWG_03262025,ND_fast,N,844
AMS_04142025,D_fast,P,318
AMS_04142025,ND_fast,P,771
APM_04072025,D_fast,P,487
APM_04072025,ND_fast,P,798
ARI_04162025,D_fast,P,456
ARI_04162025,ND_fast,P,790
CJG_03242025,D_fast,P,395
CJG_03242025,ND_fast,P,886
CKM_04162025,D_fast,P,541
CKM_04162025,ND_fast,P,752
CLE_03272025,D_fast,P,430
CLE_03272025,ND_fast,P,625
EBZ_04182025,D_fast,P,433
EBZ_04182025,ND_fast,P,602
ESU_04182025,D_fast,P,372
ESU_04182025,ND_fast,P,629
JBO_04172025,D_fast,P,399
JBO_04172025,ND_fast,P,660
JCN_04192025,D_fast,P,384
JCN_04192025,ND_fast,P,664
JMY_03312025,D_fast,P,307
JMY_03312025,ND_fast,P,506
JPK_04182025,D_fast,P,414
JPK_04182025,ND_fast,P,629
JWG_03272025,D_fast,P,476
JWG_03272025,ND_fast,P,564
JXI_04182025,D_fast,P,349
JXI_04182025,ND_fast,P,529
KCA_04072025,D_fast,P,426
KCA_04072025,ND_fast,P,721
KHT_04072025,D_fast,P,433
KHT_04072025,ND_fast,P,1017
KSN_04042025,D_fast,P,437
KSN_04042025,ND_fast,P,909
MAO_04192025,D_fast,P,476
MAO_04192025,ND_fast,P,706
MHE_04032025,D_fast,P,598
MHE_04032025,ND_fast,P,882
MSN_04092025,D_fast,P,491
MSN_04092025,ND_fast,P,694
NMS_04112025,D_fast,P,433
NMS_04112025,ND_fast,P,798
OMY_04202025,D_fast,P,514
OMY_04202025,ND_fast,P,832
TCO_03272025,D_fast,P,568
TCO_03272025,ND_fast,P,940
YWG_03262025,D_fast,P,426
YWG_03262025,ND_fast,P,924
AMS_04142025,D_fast,S,246
AMS_04142025,ND_fast,S,468
APM_04072025,D_fast,S,349
APM_04072025,ND_fast,S,614
ARI_04162025,D_fast,S,357
ARI_04162025,ND_fast,S,683
CJG_03242025,D_fast,S,326
CJG_03242025,ND_fast,S,564
CKM_04162025,D_fast,S,376
CKM_04162025,ND_fast,S,518
CLE_03272025,D_fast,S,364
CLE_03272025,ND_fast,S,533
EBZ_04182025,D_fast,S,445
EBZ_04182025,ND_fast,S,503
ESU_04182025,D_fast,S,315
ESU_04182025,ND_fast,S,456
JBO_04172025,D_fast,S,322
JBO_04172025,ND_fast,S,541
JCN_04192025,D_fast,S,295
JCN_04192025,ND_fast,S,549
JMY_03312025,D_fast,S,230
JMY_03312025,ND_fast,S,518
JPK_04182025,D_fast,S,318
JPK_04182025,ND_fast,S,334
JWG_03272025,D_fast,S,288
JWG_03272025,ND_fast,S,426
JXI_04182025,D_fast,S,238
JXI_04182025,ND_fast,S,476
KCA_04072025,D_fast,S,253
KCA_04072025,ND_fast,S,514
KHT_04072025,D_fast,S,269
KHT_04072025,ND_fast,S,802
KSN_04042025,D_fast,S,311
KSN_04042025,ND_fast,S,652
MAO_04192025,D_fast,S,464
MAO_04192025,ND_fast,S,368
MHE_04032025,D_fast,S,292
MHE_04032025,ND_fast,S,733
MSN_04092025,D_fast,S,453
MSN_04092025,ND_fast,S,583
NMS_04112025,D_fast,S,341
NMS_04112025,ND_fast,S,951
OMY_04202025,D_fast,S,384
OMY_04202025,ND_fast,S,733
TCO_03272025,D_fast,S,384
TCO_03272025,ND_fast,S,495
YWG_03262025,D_fast,S,292
YWG_03262025,ND_fast,S,499
AMS_04142025,D_fast,T,269
AMS_04142025,ND_fast,T,403
APM_04072025,D_fast,T,410
APM_04072025,ND_fast,T,464
ARI_04162025,D_fast,T,407
ARI_04162025,ND_fast,T,564
CJG_03242025,D_fast,T,307
CJG_03242025,ND_fast,T,1034
CKM_04162025,D_fast,T,395
CKM_04162025,ND_fast,T,556
CLE_03272025,D_fast,T,338
CLE_03272025,ND_fast,T,529
EBZ_04182025,D_fast,T,391
EBZ_04182025,ND_fast,T,433
ESU_04182025,D_fast,T,330
ESU_04182025,ND_fast,T,499
JBO_04172025,D_fast,T,341
JBO_04172025,ND_fast,T,583
JCN_04192025,D_fast,T,292
JCN_04192025,ND_fast,T,518
JMY_03312025,D_fast,T,272
JMY_03312025,ND_fast,T,579
JPK_04182025,D_fast,T,292
JPK_04182025,ND_fast,T,499
JWG_03272025,D_fast,T,395
JWG_03272025,ND_fast,T,591
JXI_04182025,D_fast,T,338
JXI_04182025,ND_fast,T,472
KCA_04072025,D_fast,T,334
KCA_04072025,ND_fast,T,495
KHT_04072025,D_fast,T,368
KHT_04072025,ND_fast,T,729
KSN_04042025,D_fast,T,330
KSN_04042025,ND_fast,T,556
MAO_04192025,D_fast,T,867
MAO_04192025,ND_fast,T,514
MHE_04032025,D_fast,T,368
MHE_04032025,ND_fast,T,660
MSN_04092025,D_fast,T,414
MSN_04092025,ND_fast,T,702
NMS_04112025,D_fast,T,361
NMS_04112025,ND_fast,T,468
OMY_04202025,D_fast,T,380
OMY_04202025,ND_fast,T,702
TCO_03272025,D_fast,T,368
TCO_03272025,ND_fast,T,522
YWG_03262025,D_fast,T,242
YWG_03262025,ND_fast,T,683
AMS_04142025,D_fast,X,272
AMS_04142025,ND_fast,X,479
APM_04072025,D_fast,X,395
APM_04072025,ND_fast,X,606
ARI_04162025,D_fast,X,357
ARI_04162025,ND_fast,X,522
CJG_03242025,D_fast,X,372
CJG_03242025,ND_fast,X,499
CKM_04162025,D_fast,X,476
CKM_04162025,ND_fast,X,552
CLE_03272025,D_fast,X,338
CLE_03272025,ND_fast,X,552
EBZ_04182025,D_fast,X,422
EBZ_04182025,ND_fast,X,506
ESU_04182025,D_fast,X,299
ESU_04182025,ND_fast,X,717
JBO_04172025,D_fast,X,353
JBO_04172025,ND_fast,X,652
JCN_04192025,D_fast,X,288
JCN_04192025,ND_fast,X,572
JMY_03312025,D_fast,X,276
JMY_03312025,ND_fast,X,518
JPK_04182025,D_fast,X,326
JPK_04182025,ND_fast,X,430
JWG_03272025,D_fast,X,361
JWG_03272025,ND_fast,X,499
JXI_04182025,D_fast,X,265
JXI_04182025,ND_fast,X,441
KCA_04072025,D_fast,X,368
KCA_04072025,ND_fast,X,568
KHT_04072025,D_fast,X,349
KHT_04072025,ND_fast,X,690
KSN_04042025,D_fast,X,361
KSN_04042025,ND_fast,X,660
MAO_04192025,D_fast,X,307
MAO_04192025,ND_fast,X,552
MHE_04032025,D_fast,X,380
MHE_04032025,ND_fast,X,579
MSN_04092025,D_fast,X,445
MSN_04092025,ND_fast,X,671
NMS_04112025,D_fast,X,361
NMS_04112025,ND_fast,X,564
OMY_04202025,D_fast,X,384
OMY_04202025,ND_fast,X,690
TCO_03272025,D_fast,X,426
TCO_03272025,ND_fast,X,606
YWG_03262025,D_fast,X,307
YWG_03262025,ND_fast,X,549
AMS_04142025,D_fast,Z,253
AMS_04142025,ND_fast,Z,598
APM_04072025,D_fast,Z,598
APM_04072025,ND_fast,Z,779
ARI_04162025,D_fast,Z,418
ARI_04162025,ND_fast,Z,641
CJG_03242025,D_fast,Z,307
CJG_03242025,ND_fast,Z,595
CKM_04162025,D_fast,Z,510
CKM_04162025,ND_fast,Z,679
CLE_03272025,D_fast,Z,495
CLE_03272025,ND_fast,Z,652
EBZ_04182025,D_fast,Z,529
EBZ_04182025,ND_fast,Z,499
ESU_04182025,D_fast,Z,265
ESU_04182025,ND_fast,Z,729
JBO_04172025,D_fast,Z,456
JBO_04172025,ND_fast,Z,644
JCN_04192025,D_fast,Z,303
JCN_04192025,ND_fast,Z,656
JMY_03312025,D_fast,Z,303
JMY_03312025,ND_fast,Z,560
JPK_04182025,D_fast,Z,284
JPK_04182025,ND_fast,Z,460
JWG_03272025,D_fast,Z,522
JWG_03272025,ND_fast,Z,633
JXI_04182025,D_fast,Z,349
JXI_04182025,ND_fast,Z,387
KCA_04072025,D_fast,Z,372
KCA_04072025,ND_fast,Z,614
KHT_04072025,D_fast,Z,495
KHT_04072025,ND_fast,Z,859
KSN_04042025,D_fast,Z,364
KSN_04042025,ND_fast,Z,1212
MAO_04192025,D_fast,Z,1404
MAO_04192025,ND_fast,Z,679
MHE_04032025,D_fast,Z,353
MHE_04032025,ND_fast,Z,790
MSN_04092025,D_fast,Z,453
MSN_04092025,ND_fast,Z,848
NMS_04112025,D_fast,Z,391
NMS_04112025,ND_fast,Z,533
OMY_04202025,D_fast,Z,491
OMY_04202025,ND_fast,Z,802
TCO_03272025,D_fast,Z,430
TCO_03272025,ND_fast,Z,687
YWG_03262025,D_fast,Z,407
YWG_03262025,ND_fast,Z,648
AMS_04142025,D_slow,C,230
AMS_04142025,ND_slow,C,1162
APM_04072025,D_slow,C,445
APM_04072025,ND_slow,C,2217
ARI_04162025,D_slow,C,568
ARI_04162025,ND_slow,C,1193
CJG_03242025,D_slow,C,572
CJG_03242025,ND_slow,C,2367
CKM_04162025,D_slow,C,391
CKM_04162025,ND_slow,C,514
CLE_03272025,D_slow,C,476
CLE_03272025,ND_slow,C,1860
EBZ_04182025,D_slow,C,568
EBZ_04182025,ND_slow,C,1066
ESU_04182025,D_slow,C,238
ESU_04182025,ND_slow,C,568
JBO_04172025,D_slow,C,364
JBO_04172025,ND_slow,C,786
JCN_04192025,D_slow,C,315
JCN_04192025,ND_slow,C,886
JMY_03312025,D_slow,C,376
JMY_03312025,ND_slow,C,514
JPK_04182025,D_slow,C,430
JPK_04182025,ND_slow,C,802
JWG_03272025,D_slow,C,1626
JWG_03272025,ND_slow,C,1465
JXI_04182025,D_slow,C,456
JXI_04182025,ND_slow,C,990
KCA_04072025,D_slow,C,407
KCA_04072025,ND_slow,C,529
KHT_04072025,D_slow,C,729
KHT_04072025,ND_slow,C,2290
KSN_04042025,D_slow,C,395
KSN_04042025,ND_slow,C,3518
MAO_04192025,D_slow,C,395
MAO_04192025,ND_slow,C,637
MHE_04032025,D_slow,C,671
MHE_04032025,ND_slow,C,1308
MSN_04092025,D_slow,C,395
MSN_04092025,ND_slow,C,618
NMS_04112025,D_slow,C,376
NMS_04112025,ND_slow,C,944
OMY_04202025,D_slow,C,491
OMY_04202025,ND_slow,C,1814
TCO_03272025,D_slow,C,1377
TCO_03272025,ND_slow,C,971
YWG_03262025,D_slow,C,307
YWG_03262025,ND_slow,C,422
AMS_04142025,D_slow,E,587
AMS_04142025,ND_slow,E,1730
APM_04072025,D_slow,E,1013
APM_04072025,ND_slow,E,1945
ARI_04162025,D_slow,E,1020
ARI_04162025,ND_slow,E,2114
CJG_03242025,D_slow,E,1427
CJG_03242025,ND_slow,E,3414
CKM_04162025,D_slow,E,871
CKM_04162025,ND_slow,E,1857
CLE_03272025,D_slow,E,909
CLE_03272025,ND_slow,E,2655
EBZ_04182025,D_slow,E,982
EBZ_04182025,ND_slow,E,1899
ESU_04182025,D_slow,E,798
ESU_04182025,ND_slow,E,1757
JBO_04172025,D_slow,E,1001
JBO_04172025,ND_slow,E,2114
JCN_04192025,D_slow,E,737
JCN_04192025,ND_slow,E,1561
JMY_03312025,D_slow,E,836
JMY_03312025,ND_slow,E,1389
JPK_04182025,D_slow,E,1093
JPK_04182025,ND_slow,E,2010
JWG_03272025,D_slow,E,1243
JWG_03272025,ND_slow,E,2048
JXI_04182025,D_slow,E,702
JXI_04182025,ND_slow,E,1343
KCA_04072025,D_slow,E,763
KCA_04072025,ND_slow,E,1531
KHT_04072025,D_slow,E,1531
KHT_04072025,ND_slow,E,3337
KSN_04042025,D_slow,E,1005
KSN_04042025,ND_slow,E,1845
MAO_04192025,D_slow,E,794
MAO_04192025,ND_slow,E,1270
MHE_04032025,D_slow,E,1320
MHE_04032025,ND_slow,E,2984
MSN_04092025,D_slow,E,844
MSN_04092025,ND_slow,E,1569
NMS_04112025,D_slow,E,1047
NMS_04112025,ND_slow,E,2267
OMY_04202025,D_slow,E,1013
OMY_04202025,ND_slow,E,2701
TCO_03272025,D_slow,E,1500
TCO_03272025,ND_slow,E,2490
YWG_03262025,D_slow,E,721
YWG_03262025,ND_slow,E,2908
AMS_04142025,D_slow,F,499
AMS_04142025,ND_slow,F,1554
APM_04072025,D_slow,F,737
APM_04072025,ND_slow,F,2351
ARI_04162025,D_slow,F,871
ARI_04162025,ND_slow,F,1768
CJG_03242025,D_slow,F,1086
CJG_03242025,ND_slow,F,3096
CKM_04162025,D_slow,F,771
CKM_04162025,ND_slow,F,1765
CLE_03272025,D_slow,F,671
CLE_03272025,ND_slow,F,1910
EBZ_04182025,D_slow,F,974
EBZ_04182025,ND_slow,F,1707
ESU_04182025,D_slow,F,652
ESU_04182025,ND_slow,F,1542
JBO_04172025,D_slow,F,641
JBO_04172025,ND_slow,F,1715
JCN_04192025,D_slow,F,541
JCN_04192025,ND_slow,F,1354
JMY_03312025,D_slow,F,587
JMY_03312025,ND_slow,F,1297
JPK_04182025,D_slow,F,767
JPK_04182025,ND_slow,F,1515
JWG_03272025,D_slow,F,1151
JWG_03272025,ND_slow,F,1791
JXI_04182025,D_slow,F,633
JXI_04182025,ND_slow,F,1412
KCA_04072025,D_slow,F,740
KCA_04072025,ND_slow,F,1442
KHT_04072025,D_slow,F,901
KHT_04072025,ND_slow,F,2305
KSN_04042025,D_slow,F,825
KSN_04042025,ND_slow,F,1527
MAO_04192025,D_slow,F,1032
MAO_04192025,ND_slow,F,1235
MHE_04032025,D_slow,F,1074
MHE_04032025,ND_slow,F,2206
MSN_04092025,D_slow,F,756
MSN_04092025,ND_slow,F,1281
NMS_04112025,D_slow,F,694
NMS_04112025,ND_slow,F,1577
OMY_04202025,D_slow,F,786
OMY_04202025,ND_slow,F,2225
TCO_03272025,D_slow,F,1320
TCO_03272025,ND_slow,F,2382
YWG_03262025,D_slow,F,529
AMS_04142025,D_slow,H,545
AMS_04142025,ND_slow,H,1818
APM_04072025,D_slow,H,760
APM_04072025,ND_slow,H,1753
ARI_04162025,D_slow,H,817
ARI_04162025,ND_slow,H,1458
CJG_03242025,D_slow,H,1047
CJG_03242025,ND_slow,H,2229
CKM_04162025,D_slow,H,671
CKM_04162025,ND_slow,H,1362
CLE_03272025,D_slow,H,598
CLE_03272025,ND_slow,H,2328
EBZ_04182025,D_slow,H,790
EBZ_04182025,ND_slow,H,1485
ESU_04182025,D_slow,H,529
ESU_04182025,ND_slow,H,1258
JBO_04172025,D_slow,H,648
JBO_04172025,ND_slow,H,1699
JCN_04192025,D_slow,H,479
JCN_04192025,ND_slow,H,1511
JMY_03312025,D_slow,H,671
JMY_03312025,ND_slow,H,1235
JPK_04182025,D_slow,H,878
JPK_04182025,ND_slow,H,1462
JWG_03272025,D_slow,H,1086
JWG_03272025,ND_slow,H,2175
JXI_04182025,D_slow,H,744
JXI_04182025,ND_slow,H,1523
KCA_04072025,D_slow,H,610
KCA_04072025,ND_slow,H,1181
KHT_04072025,D_slow,H,878
KHT_04072025,ND_slow,H,2459
KSN_04042025,D_slow,H,890
KSN_04042025,ND_slow,H,1830
MAO_04192025,D_slow,H,790
MAO_04192025,ND_slow,H,1450
MHE_04032025,D_slow,H,1166
MHE_04032025,ND_slow,H,2125
MSN_04092025,D_slow,H,813
MSN_04092025,ND_slow,H,1078
NMS_04112025,D_slow,H,878
NMS_04112025,ND_slow,H,1266
OMY_04202025,D_slow,H,683
OMY_04202025,ND_slow,H,1914
TCO_03272025,D_slow,H,1178
TCO_03272025,ND_slow,H,2052
YWG_03262025,D_slow,H,487
YWG_03262025,ND_slow,H,2187
AMS_04142025,D_slow,I,610
AMS_04142025,ND_slow,I,1270
APM_04072025,D_slow,I,844
APM_04072025,ND_slow,I,1818
ARI_04162025,D_slow,I,901
ARI_04162025,ND_slow,I,1719
CJG_03242025,D_slow,I,1262
CJG_03242025,ND_slow,I,3004
CKM_04162025,D_slow,I,744
CKM_04162025,ND_slow,I,1703
CLE_03272025,D_slow,I,683
CLE_03272025,ND_slow,I,2532
EBZ_04182025,D_slow,I,882
EBZ_04182025,ND_slow,I,1381
ESU_04182025,D_slow,I,637
ESU_04182025,ND_slow,I,1653
JBO_04172025,D_slow,I,717
JBO_04172025,ND_slow,I,1584
JCN_04192025,D_slow,I,476
JCN_04192025,ND_slow,I,1358
JMY_03312025,D_slow,I,775
JMY_03312025,ND_slow,I,1197
JPK_04182025,D_slow,I,955
JPK_04182025,ND_slow,I,1462
JWG_03272025,D_slow,I,1074
JWG_03272025,ND_slow,I,1814
JXI_04182025,D_slow,I,690
JXI_04182025,ND_slow,I,1362
KCA_04072025,D_slow,I,526
KCA_04072025,ND_slow,I,1903
KHT_04072025,D_slow,I,1193
KHT_04072025,ND_slow,I,2701
KSN_04042025,D_slow,I,913
KSN_04042025,ND_slow,I,2144
MAO_04192025,D_slow,I,859
MAO_04192025,ND_slow,I,1442
MHE_04032025,D_slow,I,1124
MHE_04032025,ND_slow,I,2229
MSN_04092025,D_slow,I,821
MSN_04092025,ND_slow,I,1166
NMS_04112025,D_slow,I,625
NMS_04112025,ND_slow,I,1381
OMY_04202025,D_slow,I,924
OMY_04202025,ND_slow,I,2079
TCO_03272025,D_slow,I,1143
TCO_03272025,ND_slow,I,1784
YWG_03262025,D_slow,I,572
YWG_03262025,ND_slow,I,2547
AMS_04142025,D_slow,J,334
AMS_04142025,ND_slow,J,1243
APM_04072025,D_slow,J,460
APM_04072025,ND_slow,J,1508
ARI_04162025,D_slow,J,656
ARI_04162025,ND_slow,J,1335
CJG_03242025,D_slow,J,809
CJG_03242025,ND_slow,J,1876
CKM_04162025,D_slow,J,598
CKM_04162025,ND_slow,J,1258
CLE_03272025,D_slow,J,518
CLE_03272025,ND_slow,J,1765
EBZ_04182025,D_slow,J,687
EBZ_04182025,ND_slow,J,1707
ESU_04182025,D_slow,J,468
ESU_04182025,ND_slow,J,1254
JBO_04172025,D_slow,J,644
JBO_04172025,ND_slow,J,1776
JCN_04192025,D_slow,J,384
JCN_04192025,ND_slow,J,1063
JMY_03312025,D_slow,J,598
JMY_03312025,ND_slow,J,967
JPK_04182025,D_slow,J,721
JPK_04182025,ND_slow,J,1220
JWG_03272025,D_slow,J,706
JWG_03272025,ND_slow,J,1738
JXI_04182025,D_slow,J,506
JXI_04182025,ND_slow,J,1078
KCA_04072025,D_slow,J,625
KCA_04072025,ND_slow,J,1097
KHT_04072025,D_slow,J,683
KHT_04072025,ND_slow,J,2382
KSN_04042025,D_slow,J,641
KSN_04042025,ND_slow,J,1358
MAO_04192025,D_slow,J,671
MAO_04192025,ND_slow,J,1247
MHE_04032025,D_slow,J,917
MHE_04032025,ND_slow,J,2198
MSN_04092025,D_slow,J,621
MSN_04092025,ND_slow,J,982
NMS_04112025,D_slow,J,552
NMS_04112025,ND_slow,J,1270
OMY_04202025,D_slow,J,614
OMY_04202025,ND_slow,J,1795
TCO_03272025,D_slow,J,871
TCO_03272025,ND_slow,J,1626
YWG_03262025,D_slow,J,399
YWG_03262025,ND_slow,J,1788
AMS_04142025,D_slow,K,437
AMS_04142025,ND_slow,K,1377
APM_04072025,D_slow,K,886
APM_04072025,ND_slow,K,1968
ARI_04162025,D_slow,K,763
ARI_04162025,ND_slow,K,1500
CJG_03242025,D_slow,K,1101
CJG_03242025,ND_slow,K,2344
CKM_04162025,D_slow,K,671
CKM_04162025,ND_slow,K,1392
CLE_03272025,D_slow,K,552
CLE_03272025,ND_slow,K,2263
EBZ_04182025,D_slow,K,875
EBZ_04182025,ND_slow,K,1895
ESU_04182025,D_slow,K,637
ESU_04182025,ND_slow,K,1519
JBO_04172025,D_slow,K,656
JBO_04172025,ND_slow,K,1588
JCN_04192025,D_slow,K,410
JCN_04192025,ND_slow,K,1189
JMY_03312025,D_slow,K,583
JMY_03312025,ND_slow,K,1128
JPK_04182025,D_slow,K,1032
JPK_04182025,ND_slow,K,1312
JWG_03272025,D_slow,K,1051
JWG_03272025,ND_slow,K,1542
JXI_04182025,D_slow,K,476
JXI_04182025,ND_slow,K,1396
KCA_04072025,D_slow,K,706
KCA_04072025,ND_slow,K,1205
KHT_04072025,D_slow,K,1162
KHT_04072025,ND_slow,K,2340
KSN_04042025,D_slow,K,947
KSN_04042025,ND_slow,K,1826
MAO_04192025,D_slow,K,644
MAO_04192025,ND_slow,K,1074
MHE_04032025,D_slow,K,978
MHE_04032025,ND_slow,K,2413
MSN_04092025,D_slow,K,641
MSN_04092025,ND_slow,K,1385
NMS_04112025,D_slow,K,598
NMS_04112025,ND_slow,K,1500
OMY_04202025,D_slow,K,898
OMY_04202025,ND_slow,K,2079
TCO_03272025,D_slow,K,1577
TCO_03272025,ND_slow,K,1860
YWG_03262025,D_slow,K,464
YWG_03262025,ND_slow,K,1465
AMS_04142025,D_slow,N,345
AMS_04142025,ND_slow,N,1481
APM_04072025,D_slow,N,495
APM_04072025,ND_slow,N,1243
ARI_04162025,D_slow,N,817
ARI_04162025,ND_slow,N,1523
CJG_03242025,D_slow,N,637
CJG_03242025,ND_slow,N,5106
CKM_04162025,D_slow,N,629
CKM_04162025,ND_slow,N,1189
CLE_03272025,D_slow,N,733
CLE_03272025,ND_slow,N,1477
EBZ_04182025,D_slow,N,575
EBZ_04182025,ND_slow,N,1772
ESU_04182025,D_slow,N,476
ESU_04182025,ND_slow,N,863
JBO_04172025,D_slow,N,395
JBO_04172025,ND_slow,N,1139
JCN_04192025,D_slow,N,483
JCN_04192025,ND_slow,N,1258
JMY_03312025,D_slow,N,418
JMY_03312025,ND_slow,N,710
JPK_04182025,D_slow,N,564
JPK_04182025,ND_slow,N,1158
JWG_03272025,D_slow,N,1120
JWG_03272025,ND_slow,N,1523
JXI_04182025,D_slow,N,476
JXI_04182025,ND_slow,N,1212
KCA_04072025,D_slow,N,518
KCA_04072025,ND_slow,N,1101
KHT_04072025,D_slow,N,510
KHT_04072025,ND_slow,N,2098
KSN_04042025,D_slow,N,737
KSN_04042025,ND_slow,N,1619
MAO_04192025,D_slow,N,641
MAO_04192025,ND_slow,N,1132
MHE_04032025,D_slow,N,656
MHE_04032025,ND_slow,N,2190
MSN_04092025,D_slow,N,614
MSN_04092025,ND_slow,N,1001
NMS_04112025,D_slow,N,583
NMS_04112025,ND_slow,N,1243
OMY_04202025,D_slow,N,579
OMY_04202025,ND_slow,N,1937
TCO_03272025,D_slow,N,967
TCO_03272025,ND_slow,N,1868
YWG_03262025,D_slow,N,449
YWG_03262025,ND_slow,N,1335
AMS_04142025,D_slow,P,391
AMS_04142025,ND_slow,P,2390
APM_04072025,D_slow,P,656
APM_04072025,ND_slow,P,2325
ARI_04162025,D_slow,P,890
ARI_04162025,ND_slow,P,1722
CJG_03242025,D_slow,P,901
CJG_03242025,ND_slow,P,4415
CKM_04162025,D_slow,P,537
CKM_04162025,ND_slow,P,1285
CLE_03272025,D_slow,P,503
CLE_03272025,ND_slow,P,2068
EBZ_04182025,D_slow,P,656
EBZ_04182025,ND_slow,P,2033
ESU_04182025,D_slow,P,445
ESU_04182025,ND_slow,P,1036
JBO_04172025,D_slow,P,468
JBO_04172025,ND_slow,P,1185
JCN_04192025,D_slow,P,449
JCN_04192025,ND_slow,P,1254
JMY_03312025,D_slow,P,495
JMY_03312025,ND_slow,P,967
JPK_04182025,D_slow,P,748
JPK_04182025,ND_slow,P,1266
JWG_03272025,D_slow,P,1128
JWG_03272025,ND_slow,P,1508
JXI_04182025,D_slow,P,621
JXI_04182025,ND_slow,P,1891
KCA_04072025,D_slow,P,679
KCA_04072025,ND_slow,P,1335
KHT_04072025,D_slow,P,579
KHT_04072025,ND_slow,P,2175
KSN_04042025,D_slow,P,625
KSN_04042025,ND_slow,P,1243
MAO_04192025,D_slow,P,552
MAO_04192025,ND_slow,P,1235
MHE_04032025,D_slow,P,909
MHE_04032025,ND_slow,P,1914
MSN_04092025,D_slow,P,556
MSN_04092025,ND_slow,P,951
NMS_04112025,D_slow,P,506
NMS_04112025,ND_slow,P,1634
OMY_04202025,D_slow,P,702
OMY_04202025,ND_slow,P,2098
TCO_03272025,D_slow,P,1251
TCO_03272025,ND_slow,P,1653
YWG_03262025,D_slow,P,403
YWG_03262025,ND_slow,P,1266
AMS_04142025,D_slow,S,303
AMS_04142025,ND_slow,S,867
APM_04072025,D_slow,S,387
APM_04072025,ND_slow,S,1297
ARI_04162025,D_slow,S,656
ARI_04162025,ND_slow,S,1339
CJG_03242025,D_slow,S,748
CJG_03242025,ND_slow,S,2006
CKM_04162025,D_slow,S,533
CKM_04162025,ND_slow,S,1020
CLE_03272025,D_slow,S,510
CLE_03272025,ND_slow,S,1492
EBZ_04182025,D_slow,S,483
EBZ_04182025,ND_slow,S,1028
ESU_04182025,D_slow,S,391
ESU_04182025,ND_slow,S,852
JBO_04172025,D_slow,S,479
JBO_04172025,ND_slow,S,1097
JCN_04192025,D_slow,S,307
JCN_04192025,ND_slow,S,1055
JMY_03312025,D_slow,S,445
JMY_03312025,ND_slow,S,629
JPK_04182025,D_slow,S,472
JPK_04182025,ND_slow,S,1089
JWG_03272025,D_slow,S,564
JWG_03272025,ND_slow,S,1676
JXI_04182025,D_slow,S,380
JXI_04182025,ND_slow,S,821
KCA_04072025,D_slow,S,433
KCA_04072025,ND_slow,S,829
KHT_04072025,D_slow,S,414
KHT_04072025,ND_slow,S,1857
KSN_04042025,D_slow,S,518
KSN_04042025,ND_slow,S,1469
MAO_04192025,D_slow,S,483
MAO_04192025,ND_slow,S,840
MHE_04032025,D_slow,S,641
MHE_04032025,ND_slow,S,1964
MSN_04092025,D_slow,S,499
MSN_04092025,ND_slow,S,982
NMS_04112025,D_slow,S,414
NMS_04112025,ND_slow,S,1205
OMY_04202025,D_slow,S,575
OMY_04202025,ND_slow,S,1623
TCO_03272025,D_slow,S,806
TCO_03272025,ND_slow,S,1715
YWG_03262025,D_slow,S,303
YWG_03262025,ND_slow,S,1243
AMS_04142025,D_slow,T,345
AMS_04142025,ND_slow,T,928
APM_04072025,D_slow,T,725
APM_04072025,ND_slow,T,1561
ARI_04162025,D_slow,T,614
ARI_04162025,ND_slow,T,1101
CJG_03242025,D_slow,T,771
CJG_03242025,ND_slow,T,1811
CKM_04162025,D_slow,T,575
CKM_04162025,ND_slow,T,1373
CLE_03272025,D_slow,T,479
CLE_03272025,ND_slow,T,1968
EBZ_04182025,D_slow,T,878
EBZ_04182025,ND_slow,T,1408
ESU_04182025,D_slow,T,418
ESU_04182025,ND_slow,T,875
JBO_04172025,D_slow,T,430
JBO_04172025,ND_slow,T,1254
JCN_04192025,D_slow,T,384
JCN_04192025,ND_slow,T,1028
JMY_03312025,D_slow,T,572
JMY_03312025,ND_slow,T,878
JPK_04182025,D_slow,T,602
JPK_04182025,ND_slow,T,1124
JWG_03272025,D_slow,T,832
JWG_03272025,ND_slow,T,1588
JXI_04182025,D_slow,T,468
JXI_04182025,ND_slow,T,1178
KCA_04072025,D_slow,T,713
KCA_04072025,ND_slow,T,821
KHT_04072025,D_slow,T,921
KHT_04072025,ND_slow,T,1891
KSN_04042025,D_slow,T,629
KSN_04042025,ND_slow,T,1469
MAO_04192025,D_slow,T,506
MAO_04192025,ND_slow,T,848
MHE_04032025,D_slow,T,844
MHE_04032025,ND_slow,T,1615
MSN_04092025,D_slow,T,667
MSN_04092025,ND_slow,T,859
NMS_04112025,D_slow,T,526
NMS_04112025,ND_slow,T,882
OMY_04202025,D_slow,T,591
OMY_04202025,ND_slow,T,1626
TCO_03272025,D_slow,T,982
TCO_03272025,ND_slow,T,1531
YWG_03262025,D_slow,T,345
YWG_03262025,ND_slow,T,1243
AMS_04142025,D_slow,X,376
AMS_04142025,ND_slow,X,775
APM_04072025,D_slow,X,687
APM_04072025,ND_slow,X,1596
ARI_04162025,D_slow,X,667
ARI_04162025,ND_slow,X,1239
CJG_03242025,D_slow,X,771
CJG_03242025,ND_slow,X,2091
CKM_04162025,D_slow,X,579
CKM_04162025,ND_slow,X,1247
CLE_03272025,D_slow,X,433
CLE_03272025,ND_slow,X,1392
EBZ_04182025,D_slow,X,737
EBZ_04182025,ND_slow,X,1228
ESU_04182025,D_slow,X,361
ESU_04182025,ND_slow,X,1216
JBO_04172025,D_slow,X,541
JBO_04172025,ND_slow,X,1277
JCN_04192025,D_slow,X,326
JCN_04192025,ND_slow,X,994
JMY_03312025,D_slow,X,549
JMY_03312025,ND_slow,X,1043
JPK_04182025,D_slow,X,652
JPK_04182025,ND_slow,X,1109
JWG_03272025,D_slow,X,832
JWG_03272025,ND_slow,X,1657
JXI_04182025,D_slow,X,445
JXI_04182025,ND_slow,X,1078
KCA_04072025,D_slow,X,491
KCA_04072025,ND_slow,X,629
KHT_04072025,D_slow,X,878
KHT_04072025,ND_slow,X,1742
KSN_04042025,D_slow,X,698
KSN_04042025,ND_slow,X,1208
MAO_04192025,D_slow,X,579
MAO_04192025,ND_slow,X,875
MHE_04032025,D_slow,X,940
MHE_04032025,ND_slow,X,1876
MSN_04092025,D_slow,X,560
MSN_04092025,ND_slow,X,771
NMS_04112025,D_slow,X,464
NMS_04112025,ND_slow,X,947
OMY_04202025,D_slow,X,618
OMY_04202025,ND_slow,X,1611
TCO_03272025,D_slow,X,821
TCO_03272025,ND_slow,X,1822
YWG_03262025,D_slow,X,330
YWG_03262025,ND_slow,X,890
AMS_04142025,D_slow,Z,284
AMS_04142025,ND_slow,Z,1481
APM_04072025,D_slow,Z,499
APM_04072025,ND_slow,Z,1346
ARI_04162025,D_slow,Z,744
ARI_04162025,ND_slow,Z,1251
CJG_03242025,D_slow,Z,621
CJG_03242025,ND_slow,Z,3000
CKM_04162025,D_slow,Z,618
CKM_04162025,ND_slow,Z,1105
CLE_03272025,D_slow,Z,518
CLE_03272025,ND_slow,Z,1876
EBZ_04182025,D_slow,Z,575
EBZ_04182025,ND_slow,Z,1500
ESU_04182025,D_slow,Z,292
ESU_04182025,ND_slow,Z,713
JBO_04172025,D_slow,Z,449
JBO_04172025,ND_slow,Z,1051
JCN_04192025,D_slow,Z,380
JCN_04192025,ND_slow,Z,1132
JMY_03312025,D_slow,Z,453
JMY_03312025,ND_slow,Z,667
JPK_04182025,D_slow,Z,595
JPK_04182025,ND_slow,Z,917
JWG_03272025,D_slow,Z,1013
JWG_03272025,ND_slow,Z,1274
JXI_04182025,D_slow,Z,541
JXI_04182025,ND_slow,Z,1066
KCA_04072025,D_slow,Z,526
KCA_04072025,ND_slow,Z,955
KHT_04072025,D_slow,Z,694
KHT_04072025,ND_slow,Z,2298
KSN_04042025,D_slow,Z,844
KSN_04042025,ND_slow,Z,990
MAO_04192025,D_slow,Z,595
MAO_04192025,ND_slow,Z,940
MHE_04032025,D_slow,Z,702
MHE_04032025,ND_slow,Z,1979
MSN_04092025,D_slow,Z,595
MSN_04092025,ND_slow,Z,809
NMS_04112025,D_slow,Z,376
NMS_04112025,ND_slow,Z,1239
OMY_04202025,D_slow,Z,614
OMY_04202025,ND_slow,Z,2198
TCO_03272025,D_slow,Z,840
TCO_03272025,ND_slow,Z,1481
YWG_03262025,D_slow,Z,372
YWG_03262025,ND_slow,Z,813
